Make, Model, Type, 50.5, 44.0, 150.4987
Masdf, Mofdl, Type, 50.4, 44.0, 150.4
Msoiweo, kjdjkbd, FFF, 0.0, 0.0, 0.0
Masdf, Mofdl, Type, 50.4, 44.0, 150.4
Maqwerke, Modqwerl, Type, 50.45, 44.6, 150.97
Make (1), model, Standard, 0.0, 0.0, 0.0
Make (2), model, Standard, 0.0, 0.0, 0.0
Make (3), model, Standard, 0.0, 0.0, 0.0
Make (5), model, Standard, 0.0, 0.0, 0.0
Make (6), model, Standard, 0.0, 0.0, 0.0
Make (7), model, Standard, 0.0, 0.0, 0.0
Make (9), model, Standard, 0.0, 0.0, 0.0
Make (10), model, Standard, 0.0, 0.0, 0.0
Make (12), model, Standard, 0.0, 0.0, 0.0
Make (13), model, Standard, 0.0, 0.0, 0.0
Make (14), model, Standard, 0.0, 0.0, 0.0
Make (15), model, Standard, 0.0, 0.0, 0.0
Make (18), model, Standard, 0.0, 0.0, 0.0
